dataset,metric,n,mean,median,std,min,max,skewness,kurtosis,shapiro_w,shapiro_p,is_normal_0.05
SciQ,rouge_l,100,0.0805,0.0684,0.0611,0.0,0.2857,1.0591,1.0632,0.9129,6e-06,False
SciQ,bertscore_f1,100,0.8258,0.825,0.0261,0.7619,0.8811,-0.0131,-0.2122,0.9888,0.572724,True
SciQ,judge_score,100,4.74,5.0,0.6102,2.0,5.0,-2.4659,5.632,0.4829,0.0,False
OpenBookQA,rouge_l,100,0.1293,0.1071,0.1148,0.0,0.8889,3.2833,18.4793,0.7505,0.0,False
OpenBookQA,bertscore_f1,100,0.8476,0.8462,0.0319,0.7789,0.9609,0.3361,0.4248,0.9837,0.255986,True
OpenBookQA,judge_score,100,4.42,5.0,0.9816,1.0,5.0,-1.5115,1.1831,0.6352,0.0,False
ARC-Easy,rouge_l,100,0.1224,0.0876,0.0908,0.0,0.4444,1.1617,1.1887,0.8861,0.0,False
ARC-Easy,bertscore_f1,100,0.8553,0.8554,0.0334,0.7818,0.9205,0.027,-0.9132,0.9736,0.042224,False
ARC-Easy,judge_score,100,4.71,5.0,0.7784,2.0,5.0,-2.5369,5.0732,0.4095,0.0,False
ARC-Challenge,rouge_l,100,0.1519,0.1333,0.1062,0.0,0.439,0.5868,-0.3683,0.953,0.001315,False
ARC-Challenge,bertscore_f1,100,0.8642,0.868,0.0331,0.7744,0.9345,-0.2418,-0.441,0.9803,0.139461,True
ARC-Challenge,judge_score,100,4.48,5.0,0.8542,1.0,5.0,-1.5008,1.6237,0.6312,0.0,False
RACE,rouge_l,100,0.165,0.1274,0.1768,0.0,0.9231,2.5659,7.4982,0.7136,0.0,False
RACE,bertscore_f1,100,0.8664,0.8685,0.0337,0.7888,0.9605,0.0777,-0.1549,0.9867,0.414977,True
RACE,judge_score,100,4.07,5.0,1.259,1.0,5.0,-1.0497,-0.1956,0.7359,0.0,False
SQuAD,rouge_l,100,0.1381,0.1053,0.1036,0.0,0.4286,1.1748,0.7489,0.8815,0.0,False
SQuAD,bertscore_f1,100,0.8512,0.8513,0.0294,0.7892,0.9127,0.0527,-0.7315,0.9819,0.186686,True
SQuAD,judge_score,100,4.69,5.0,0.5949,2.0,5.0,-2.0789,4.4837,0.5681,0.0,False
